DisNo.,Historic,Classification Key,Disaster Group,Disaster Subgroup,Disaster Type,Disaster Subtype,External IDs,Event Name,ISO,Country,Subregion,Region,Location,Origin,Associated Types,OFDA/BHA Response,Appeal,Declaration,AID Contribution ('000 US$),Magnitude,Magnitude Scale,Latitude,Longitude,River Basin,Start Year,Start Month,Start Day,End Year,End Month,End Day,Total Deaths,No. Injured,No. Affected,No. Homeless,Total Affected,Reconstruction Costs ('000 US$),"Reconstruction Costs, Adjusted ('000 US$)",Insured Damage ('000 US$),"Insured Damage, Adjusted ('000 US$)",Total Damage ('000 US$),"Total Damage, Adjusted ('000 US$)",CPI,Admin Units,Entry Date,Last Update
1936-0007-KOR,Yes,nat-met-sto-tro,Natural,Meteorological,Storm,Tropical cyclone,,,KOR,Republic of Korea,Eastern Asia,Asia,,,,No,No,No,,,Kph,,,,1936,8,28,1936,8,28,1104,,,,,,,,,,,4.430457951,,2003-07-01,2023-09-25
1956-0031-KOR,Yes,nat-hyd-mmw-lan,Natural,Hydrological,Mass movement (wet),Landslide (wet),,,KOR,Republic of Korea,Eastern Asia,Asia,,,,No,No,No,,,,,,,1956,3,,1956,3,,103,,,,,,,,,,,8.665699021,,2003-07-01,2023-09-25
1957-0031-KOR,Yes,nat-met-sto-tro,Natural,Meteorological,Storm,Tropical cyclone,,,KOR,Republic of Korea,Eastern Asia,Asia,,,,No,No,No,,,Kph,,,,1957,7,,1957,7,,238,,,,,,,,,,,8.955259855,,2003-07-01,2023-09-25
1957-0034-KOR,Yes,nat-hyd-flo-flo,Natural,Hydrological,Flood,Flood (General),,,KOR,Republic of Korea,Eastern Asia,Asia,,,,No,No,No,,,Km2,,,,1957,8,,1957,8,,247,,,,,,,,,,,8.955259855,,2003-07-01,2023-09-25
1959-0012-KOR,Yes,nat-met-sto-tro,Natural,Meteorological,Storm,Tropical cyclone,,Sarah,KOR,Republic of Korea,Eastern Asia,Asia,,,,No,No,No,,,Kph,,,,1959,9,17,1959,9,17,432,,,,,,,,,,,9.292648889,,2003-09-30,2023-09-25
1959-0039-KOR,Yes,nat-hyd-flo-flo,Natural,Hydrological,Flood,Flood (General),,,KOR,Republic of Korea,Eastern Asia,Asia,,,,No,No,No,,,Km2,,,,1959,7,,1959,7,,62,,,,,,,,,,,9.292648889,,2003-07-01,2023-09-25
1961-0048-KOR,Yes,nat-hyd-flo-flo,Natural,Hydrological,Flood,Flood (General),,,KOR,Republic of Korea,Eastern Asia,Asia,,,,No,No,No,,,Km2,,,,1961,7,,1961,7,,249,,,,,,,,,,,9.529077354,,2003-07-01,2023-09-25
1962-0035-KOR,Yes,nat-hyd-flo-flo,Natural,Hydrological,Flood,Flood (General),,,KOR,Republic of Korea,Eastern Asia,Asia,,,,No,No,No,,,Km2,,,,1962,8,,1962,8,,290,,,,,,,,,,,9.643313459,,2003-07-01,2023-09-25
1963-0015-KOR,Yes,nat-hyd-mmw-lan,Natural,Hydrological,Mass movement (wet),Landslide (wet),,,KOR,Republic of Korea,Eastern Asia,Asia,,,,No,No,No,,,,,,,1963,6,24,1963,6,24,116,,,,,,,,,,,9.762853734,,2003-07-01,2023-09-25
1964-0052-KOR,Yes,nat-met-sto-sto,Natural,Meteorological,Storm,Storm (General),,,KOR,Republic of Korea,Eastern Asia,Asia,"North Seoul, Kyonggi province",,,Yes,No,No,,,Kph,,,,1964,9,13,1964,9,13,210,300,43530,43000,86830,,,,,1000,10114,9.887713291,,2003-07-01,2023-09-25
1965-0043-KOR,Yes,nat-hyd-flo-flo,Natural,Hydrological,Flood,Flood (General),,,KOR,Republic of Korea,Eastern Asia,Asia,Nationwide,,,Yes,No,No,,,Km2,,,,1965,7,15,1965,7,15,323,245,321000,23214,344459,,,,,36500,363385,10.04445076,,2003-07-01,2023-09-25
1966-0059-KOR,Yes,nat-hyd-flo-flo,Natural,Hydrological,Flood,Flood (General),,,KOR,Republic of Korea,Eastern Asia,Asia,"Seoul, Kyonggi",,,Yes,No,No,,,Km2,,,,1966,7,24,1966,7,24,95,85,131904,65630,197619,,,,,1900,18362,10.34730224,,2003-07-01,2023-09-25
1967-9010-KOR,Yes,nat-cli-dro-dro,Natural,Climatological,Drought,Drought,,,KOR,Republic of Korea,Eastern Asia,Asia,South,,,Yes,No,No,,,Km2,,,,1967,,,1968,,,,,2800000,,2800000,,,,,,,10.63421099,,2006-02-13,2025-03-06
1968-0078-KOR,Yes,nat-met-sto-sto,Natural,Meteorological,Storm,Storm (General),,,KOR,Republic of Korea,Eastern Asia,Asia,East Coast,,,No,No,No,,,Kph,,,,1968,10,24,1968,10,24,18,,,,,,,,,3000,27055,11.08848066,,2003-07-01,2023-09-25
1969-0084-KOR,Yes,nat-met-sto-sto,Natural,Meteorological,Storm,Storm (General),,,KOR,Republic of Korea,Eastern Asia,Asia,Hwachon,,,No,No,No,,,Kph,,,,1969,8,6,1969,8,6,85,15,120000,,120015,,,,,,,11.69417607,,2003-07-01,2023-09-25
1969-0093-KOR,Yes,nat-hyd-flo-flo,Natural,Hydrological,Flood,Flood (General),,,KOR,Republic of Korea,Eastern Asia,Asia,"East, South coastal provinces",,,Yes,No,No,,,Km2,,,,1969,9,14,1969,9,14,408,409,227264,,227673,,,,,22400,191548,11.69417607,,2003-07-01,2023-09-25
1970-0036-KOR,Yes,nat-met-sto-sto,Natural,Meteorological,Storm,Storm (General),,,KOR,Republic of Korea,Eastern Asia,Asia,"East, South Esat coast",,,No,No,No,,,Kph,,,,1970,7,3,1970,7,3,39,,2500,,2500,,,,,5100,41206,12.37691039,,2003-07-01,2023-09-25
1970-0048-KOR,Yes,nat-hyd-flo-flo,Natural,Hydrological,Flood,Flood (General),,,KOR,Republic of Korea,Eastern Asia,Asia,,,,No,No,No,,,Km2,,,,1970,9,15,1970,9,15,28,,7000,,7000,,,,,,,12.37691039,,2003-07-01,2023-09-25
1971-0043-KOR,Yes,nat-met-sto-sto,Natural,Meteorological,Storm,Storm (General),,,KOR,Republic of Korea,Eastern Asia,Asia,Seoul,,,No,No,No,,,Kph,,,,1971,7,27,1971,7,27,64,,50,,50,,,,,,,12.90822653,,2003-07-01,2023-09-25
1971-0128-KOR,Yes,nat-met-sto-sto,Natural,Meteorological,Storm,Storm (General),,,KOR,Republic of Korea,Eastern Asia,Asia,,,,No,No,No,,,Kph,,,,1971,7,,1971,7,,45,,,,,,,,,,,12.90822653,,2003-07-01,2023-09-25
1972-0049-KOR,Yes,nat-hyd-flo-riv,Natural,Hydrological,Flood,Riverine flood,,,KOR,Republic of Korea,Eastern Asia,Asia,"North, Central",,,Yes,No,No,,,Km2,,,,1972,8,19,1972,8,19,672,785,800000,326000,1126785,,,,,72800,546111,13.33061828,,2003-07-01,2023-09-25
1972-0052-KOR,Yes,nat-hyd-flo-flo,Natural,Hydrological,Flood,Flood (General),,,KOR,Republic of Korea,Eastern Asia,Asia,,,,No,No,No,,,Km2,,,,1972,9,13,1972,9,13,75,54,1500,,1554,,,,,634,4756,13.33061828,,2003-07-01,2023-09-25
1976-0053-KOR,Yes,nat-hyd-mmw-lan,Natural,Hydrological,Mass movement (wet),Landslide (wet),,,KOR,Republic of Korea,Eastern Asia,Asia,Chonju,,,No,No,No,,,,,,,1976,8,7,1976,8,7,25,,,,,,,,,100000,551218,18.14164401,,2003-07-01,2023-09-25
1977-0079-KOR,Yes,nat-hyd-flo-flo,Natural,Hydrological,Flood,Flood (General),,,KOR,Republic of Korea,Eastern Asia,Asia,Seoul area,,,Yes,No,No,,,Km2,,,,1977,7,8,1977,7,8,297,1000,73000,,74000,,,,,20000,103513,19.32115691,,2003-07-01,2023-09-25
1977-0104-KOR,Yes,nat-hyd-flo-flo,Natural,Hydrological,Flood,Flood (General),,,KOR,Republic of Korea,Eastern Asia,Asia,,,,No,No,No,,,Km2,,,,1977,8,7,1977,8,7,18,,2000,,2000,,,,,13000,67284,19.32115691,,2003-07-01,2023-09-25
1978-0076-KOR,Yes,nat-hyd-flo-flo,Natural,Hydrological,Flood,Flood (General),,,KOR,Republic of Korea,Eastern Asia,Asia,,,,No,No,No,,,Km2,,,,1978,6,,1978,6,,27,,2000,,2000,,,,,400,1923,20.79554994,,2003-07-01,2023-09-25
1978-0100-KOR,Yes,nat-met-sto-tro,Natural,Meteorological,Storm,Tropical cyclone,,Carmen,KOR,Republic of Korea,Eastern Asia,Asia,,,,No,No,No,,,Kph,,,,1978,8,,1978,8,,,,4000,,4000,,,,,19000,91366,20.79554994,,2003-07-01,2023-09-25
1979-0081-KOR,Yes,nat-met-sto-tro,Natural,Meteorological,Storm,Tropical cyclone,,Judy,KOR,Republic of Korea,Eastern Asia,Asia,Northern,,,No,No,No,,,Kph,,,,1979,8,26,1979,8,26,115,,35000,,35000,,,,,40000,172891,23.13598094,,2003-07-01,2023-09-25
1980-0059-KOR,Yes,nat-met-sto-tro,Natural,Meteorological,Storm,Tropical cyclone,,,KOR,Republic of Korea,Eastern Asia,Asia,Central,,,No,No,No,,,Kph,,,,1980,7,,1980,7,,150,,20000,,20000,,,,,,,26.27072272,,2003-07-01,2023-09-25
1980-0091-KOR,Yes,nat-met-sto-tro,Natural,Meteorological,Storm,Tropical cyclone,,Orchid,KOR,Republic of Korea,Eastern Asia,Asia,Kyonsan province,,,No,No,No,,,Kph,,,,1980,9,15,1980,9,15,15,17,,,17,,,,,7220,27483,26.27072272,,2003-07-01,2023-09-25
1981-0078-KOR,Yes,nat-met-sto-tro,Natural,Meteorological,Storm,Tropical cyclone,,Agnes,KOR,Republic of Korea,Eastern Asia,Asia,S.E.W. Coasts/Inland,,,Yes,No,No,,,Kph,,,,1981,8,31,1981,8,31,113,,14253,,14253,,,,,134000,462297,28.98572483,,2003-07-01,2023-09-25
1981-0255-KOR,Yes,nat-hyd-mmw-lan,Natural,Hydrological,Mass movement (wet),Landslide (wet),,,KOR,Republic of Korea,Eastern Asia,Asia,,,,No,No,No,,,,,,,1981,7,4,1981,7,4,,,,,,,,,,,,28.98572483,,2003-07-01,2023-09-25
1982-0091-KOR,Yes,nat-met-sto-tro,Natural,Meteorological,Storm,Tropical cyclone,,Cecil,KOR,Republic of Korea,Eastern Asia,Asia,Southwest coast,,,No,No,No,,,Kph,,,,1982,8,14,1982,8,14,63,42,,,42,,,,,30000,97520,30.76296178,,2003-07-01,2023-09-25
1982-0095-KOR,Yes,nat-met-sto-tro,Natural,Meteorological,Storm,Tropical cyclone,,Ellis,KOR,Republic of Korea,Eastern Asia,Asia,,,,No,No,No,,,Kph,,,,1982,8,27,1982,8,27,5,,5000,,5000,,,,,,,30.76296178,,2003-07-01,2023-09-25
1984-0059-KOR,Yes,nat-hyd-mmw-lan,Natural,Hydrological,Mass movement (wet),Landslide (wet),,,KOR,Republic of Korea,Eastern Asia,Asia,,,,No,No,No,,,,,,,1984,7,7,1984,7,7,47,,4000,,4000,,,,,40000,120785,33.11667587,,2003-07-01,2023-09-25
1984-0074-KOR,Yes,nat-hyd-flo-flo,Natural,Hydrological,Flood,Flood (General),,,KOR,Republic of Korea,Eastern Asia,Asia,"Kyunggido, Kangwondo, Chungchongdo, Kyongsangdo, Chollado",,,Yes,No,No,,819,Km2,,,,1984,8,31,1984,8,31,166,187,350984,,351171,,,,,165000,498238,33.11667587,,2003-07-01,2023-09-25
1985-0118-KOR,Yes,nat-met-sto-tro,Natural,Meteorological,Storm,Tropical cyclone,,Brenda,KOR,Republic of Korea,Eastern Asia,Asia,"Cheju, coastal areas, West and North Pusan",,,No,No,No,,,Kph,,,,1985,10,5,1985,10,5,57,20,,,20,,,,,14000,40827,34.2908695,,2003-07-01,2023-09-25
1986-0105-KOR,Yes,nat-met-sto-tro,Natural,Meteorological,Storm,Tropical cyclone,,Vera,KOR,Republic of Korea,Eastern Asia,Asia,,,,No,No,No,,,Kph,,,,1986,8,30,1986,8,30,33,73,6623,,6696,,,,,10900,31195,34.94173347,,2003-07-01,2023-09-25
1987-0130-KOR,Yes,nat-met-sto-tro,Natural,Meteorological,Storm,Tropical cyclone,,Thelma,KOR,Republic of Korea,Eastern Asia,Asia,"Southeast (1) + Seoul + Chungchong-nam, Kwangwon, Kyonggi provinces (Central) (2)",,,Yes,No,No,,130,Kph,,,,1987,7,16,1987,7,16,483,,56000,,56000,,,,,325000,897240,36.22219183,,2003-07-01,2023-09-25
1987-0321-KOR,Yes,nat-hyd-flo-riv,Natural,Hydrological,Flood,Riverine flood,,,KOR,Republic of Korea,Eastern Asia,Asia,,,,No,No,No,,,Km2,,,,1987,8,16,1987,8,16,50,,,154000,154000,,,,,22000,60736,36.22219183,,2003-07-01,2023-09-25
1987-0349-KOR,Yes,nat-met-sto-tro,Natural,Meteorological,Storm,Tropical cyclone,,Vernon,KOR,Republic of Korea,Eastern Asia,Asia,"Seoul, Inchon",,,No,No,No,,,Kph,,,,1987,7,26,1987,7,26,136,,,,,,,,,200000,552148,36.22219183,,2003-07-01,2023-09-25
1988-0295-KOR,Yes,nat-hyd-mmw-lan,Natural,Hydrological,Mass movement (wet),Landslide (wet),,,KOR,Republic of Korea,Eastern Asia,Asia,,,,No,No,No,,,,,,,1988,7,,1988,7,,25,,,,,,,,,,,37.69923694,,2003-07-01,2023-09-25
1989-0265-KOR,Yes,nat-met-sto-tro,Natural,Meteorological,Storm,Tropical cyclone,,Judy,KOR,Republic of Korea,Eastern Asia,Asia,"Cholla province, South Central Korea",,,Yes,No,No,,,Kph,,,,1989,7,24,1989,7,24,109,49,75145,,75194,,,68000,172069,176500,446621,39.51898281,,2003-07-01,2023-09-25
1990-0075-KOR,Yes,nat-hyd-flo-riv,Natural,Hydrological,Flood,Riverine flood,,,KOR,Republic of Korea,Eastern Asia,Asia,"Seoul, Kyonggi, Kangwon, Inchon Provinces",Heavy rain,,Yes,No,No,,10440,Km2,,,Han,1990,9,11,1990,9,14,127,27,189233,,189260,,,,,38000,91232,41.65219605,,2007-08-08,2023-09-25
1990-0301-KOR,Yes,nat-met-sto-sto,Natural,Meteorological,Storm,Storm (General),,,KOR,Republic of Korea,Eastern Asia,Asia,,,,No,No,No,,,Kph,,,,1990,2,1,1990,2,1,27,,,,,,,,,6000,14405,41.65219605,,2005-12-20,2023-09-25
1990-0388-KOR,Yes,nat-met-ext-hea,Natural,Meteorological,Extreme temperature,Heat wave,,,KOR,Republic of Korea,Eastern Asia,Asia,,,,No,No,No,,,°C,,,,1990,7,29,1990,7,29,40,,,,,,,,,,,41.65219605,,2003-07-01,2023-09-25
1991-0177-KOR,Yes,nat-hyd-flo-riv,Natural,Hydrological,Flood,Riverine flood,,,KOR,Republic of Korea,Eastern Asia,Asia,Seoul and surroundings,Heavy rain,"Slide (land, mud, snow, rock)",No,No,No,,21910,Km2,,,,1991,7,22,1991,7,26,54,36,,1500,1536,,,,,105000,241845,43.41615747,,2006-07-18,2023-09-25
1991-0385-KOR,Yes,nat-met-sto-tro,Natural,Meteorological,Storm,Tropical cyclone,,Gladys,KOR,Republic of Korea,Eastern Asia,Asia,Southern provinces,,,No,No,No,,90,Kph,,,,1991,8,23,1991,8,23,72,,20750,,20750,,,50000,115164,310000,714020,43.41615747,,2003-07-01,2023-09-25
1992-0485-KOR,Yes,nat-hyd-flo-flo,Natural,Hydrological,Flood,Flood (General),,,KOR,Republic of Korea,Eastern Asia,Asia,"Kyonggi Do, Kangwon Do, Chungchong Do",,,No,No,No,,,Km2,,,,1992,8,26,1992,8,26,5,,155,123,278,,,,,,,44.73115338,,2003-07-01,2023-09-25
1992-0486-KOR,Yes,nat-met-sto-tro,Natural,Meteorological,Storm,Tropical cyclone,,Ted,KOR,Republic of Korea,Eastern Asia,Asia,"Chonla Do, Kanwon Do",,,No,No,No,,,Kph,,,,1992,9,22,1992,9,22,,,375,58,433,,,,,,,44.73115338,,2003-07-01,2023-09-25
1993-0164-KOR,Yes,nat-met-sto-sto,Natural,Meteorological,Storm,Storm (General),,,KOR,Republic of Korea,Eastern Asia,Asia,Chola province,,,No,No,No,,,Kph,,,,1993,6,,1993,6,,32,19,115,8496,8630,,,,,29393,63826,46.05146103,,2003-07-01,2023-09-25
1993-0197-KOR,Yes,nat-hyd-mmw-mud,Natural,Hydrological,Mass movement (wet),Mudslide,,,KOR,Republic of Korea,Eastern Asia,Asia,"Kangwon-Don, Kyongsang-Do",,,No,No,No,,,,,,,1993,8,21,1993,8,21,11,13,1675,,1688,,,,,108700,236040,46.05146103,,2003-07-01,2023-09-25
1994-0175-KOR,Yes,nat-met-sto-tro,Natural,Meteorological,Storm,Tropical cyclone,,Brendan,KOR,Republic of Korea,Eastern Asia,Asia,"Cheju, Chungnam (Kangwon Province)",,,No,No,No,,74,Kph,,,,1994,8,1,1994,8,2,28,2,,86,88,,,,,11,23,47.25222839,,2006-07-13,2023-09-25
1995-0183-KOR,Yes,nat-met-sto-tro,Natural,Meteorological,Storm,Tropical cyclone,,Janis,KOR,Republic of Korea,Eastern Asia,Asia,"North Kyongsang, South Chungchong, Kyunggi (Central provinces)",,Flood,No,No,No,,,Kph,,,,1995,8,24,1995,8,27,45,160,1400,2150,3710,,,,,425000,874884,48.57784776,,2006-07-11,2023-09-25
1995-0393-KOR,Yes,nat-met-sto-tro,Natural,Meteorological,Storm,Tropical cyclone,,Faye,KOR,Republic of Korea,Eastern Asia,Asia,Yosu,,Transport accident,No,No,No,,194,Kph,,,,1995,7,23,1995,7,23,28,,1000,450,1450,,,,,140000,288197,48.57784776,,2006-07-12,2023-09-25
1996-0109-KOR,Yes,nat-hyd-flo-flo,Natural,Hydrological,Flood,Flood (General),,,KOR,Republic of Korea,Eastern Asia,Asia,Kyonggi Province,,"Slide (land, mud, snow, rock)",No,No,No,,150,Km2,,,,1996,7,26,1996,7,29,85,,31865,28500,60365,,,,,120000,239992,50.00176806,,2007-05-06,2023-09-25
1996-0167-KOR,Yes,nat-hyd-mmw-lan,Natural,Hydrological,Mass movement (wet),Landslide (wet),,,KOR,Republic of Korea,Eastern Asia,Asia,North Korea Border,,,No,No,No,,,,,,,1996,7,26,1996,7,26,19,,,,,,,,,,,50.00176806,,2003-07-01,2023-09-25
1997-0167-KOR,Yes,nat-hyd-flo-flo,Natural,Hydrological,Flood,Flood (General),,,KOR,Republic of Korea,Eastern Asia,Asia,Chungchong Province,,,No,No,No,,35.5,Km2,,,,1997,8,4,1997,8,4,11,,,115,115,,,,,,,51.17064996,,2003-07-01,2023-09-25
1997-0560-KOR,Yes,nat-hyd-flo-riv,Natural,Hydrological,Flood,Riverine flood,,,KOR,Republic of Korea,Eastern Asia,Asia,Central areas,Heavy rains,"Slide (land, mud, snow, rock)",No,No,No,,11250,Km2,,,,1997,7,1,1997,7,3,4,,,,,,,,,1650,3225,51.17064996,,2007-07-19,2023-09-25
1998-0015-KOR,Yes,nat-met-sto-bli,Natural,Meteorological,Storm,Blizzard/Winter storm,,,KOR,Republic of Korea,Eastern Asia,Asia,South & East Coast (no better info),,,No,No,No,,,Kph,,,,1998,1,16,1998,1,16,26,,2000,,2000,,,,,2854,5492,51.9649683,,2003-07-01,2023-09-25
1998-0075-KOR,Yes,nat-met-sto-sto,Natural,Meteorological,Storm,Storm (General),,,KOR,Republic of Korea,Eastern Asia,Asia,Cheju Is.,,,No,No,No,,101,Kph,,,,1998,3,20,1998,3,20,19,,,,,,,,,,,51.9649683,,2003-07-01,2023-09-25
1998-0219-KOR,Yes,nat-hyd-flo-fla,Natural,Hydrological,Flood,Flash flood,,,KOR,Republic of Korea,Eastern Asia,Asia,"Kongsang, Cholla, Chiri, Kyonggi Province",Brief torrential rain,,Yes,No,No,25,804,Km2,,,,1998,7,31,1998,8,10,403,,,121000,121000,,,,,1480000,2848073,51.9649683,,2006-07-09,2023-09-25
1998-0302-KOR,Yes,nat-met-sto-sto,Natural,Meteorological,Storm,Storm (General),,Yanni,KOR,Republic of Korea,Eastern Asia,Asia,North Kyongsang Province,,Flood,No,No,No,,,Kph,,,,1998,9,28,1998,10,1,55,3,,2376,2379,,,,,25900,49841,51.9649683,,2006-07-09,2023-09-25
1999-0247-KOR,Yes,nat-hyd-flo-fla,Natural,Hydrological,Flood,Flash flood,,,KOR,Republic of Korea,Eastern Asia,Asia,"Hwachon, Paju, Seoul and Yonchon (Kyonggi-do and Kangwon-do provinces)",Brief torrential rain,,Yes,No,No,25,440,Km2,,,Han,1999,7,30,1999,8,8,64,,24408,5800,30208,,,1000,1883,332000,625212,53.10197229,,2007-05-07,2023-09-25
1999-0398-KOR,Yes,nat-met-sto-tro,Natural,Meteorological,Storm,Tropical cyclone,,Bart,KOR,Republic of Korea,Eastern Asia,Asia,"Kyongsang-Namdo, Kyongsang-Pukto, Cholla-Namdo",,,No,No,No,,,Kph,,,,1999,9,22,1999,9,26,4,,,514,514,,,,,4000,7533,53.10197229,,2005-12-16,2023-09-25
2000-0194-KOR,No,nat-cli-wil-for,Natural,Climatological,Wildfire,Forest fire,,,KOR,Republic of Korea,Eastern Asia,Asia,"Kangnung, Tonghae, Samchok cities (Kang-won-do province)",,,No,No,No,,100,Km2,,,,2000,4,6,2000,4,6,2,15,,1518,1533,,,,,,,54.89515197,"[{""adm1_code"":2437,""adm1_name"":""Kang-won-do""}]",2003-07-01,2025-03-25
2000-0441-KOR,No,nat-hyd-flo-flo,Natural,Hydrological,Flood,Flood (General),,,KOR,Republic of Korea,Eastern Asia,Asia,"Pyongtaek area (Kyonggi-do province), Seoul province",,,No,No,No,,129,Km2,,,,2000,7,22,2000,7,22,13,3,,2586,2589,,,,,23000,41898,54.89515197,"[{""adm1_code"":2439,""adm1_name"":""Kyonggi-do""},{""adm1_code"":2443,""adm1_name"":""Seoul""}]",2003-07-01,2023-09-25
2000-0535-KOR,No,nat-hyd-flo-fla,Natural,Hydrological,Flood,Flash flood,,,KOR,Republic of Korea,Eastern Asia,Asia,"Chollanam-do, Chollabuk-do, Chungchongnam-do, Seoul, Kyonggi-do provinces",Brief torrential rain,,No,No,No,,27590,Km2,,,Kum and Imjin,2000,8,26,2000,8,29,7,,500,,500,,,,,27000,49185,54.89515197,"[{""adm1_code"":2432,""adm1_name"":""Chollabuk-do""},{""adm1_code"":2433,""adm1_name"":""Chollanam-do""},{""adm1_code"":2435,""adm1_name"":""Chungchongnam-do""},{""adm1_code"":2439,""adm1_name"":""Kyonggi-do""},{""adm1_code"":2443,""adm1_name"":""Seoul""}]",2005-09-15,2023-09-25
2000-0550-KOR,No,nat-met-sto-tro,Natural,Meteorological,Storm,Tropical cyclone,,Prapiroon (Typhoon n°12),KOR,Republic of Korea,Eastern Asia,Asia,"Chollabuk-do, Chungchongnam-do, Cheju-do provinces",,,No,No,No,,209,Kph,,,,2000,8,31,2000,8,31,25,,,300,300,,,,,11300,20585,54.89515197,"[{""adm1_code"":2431,""adm1_name"":""Cheju-do""},{""adm1_code"":2432,""adm1_name"":""Chollabuk-do""},{""adm1_code"":2435,""adm1_name"":""Chungchongnam-do""}]",2003-07-01,2023-09-25
2000-0601-KOR,No,nat-met-sto-tro,Natural,Meteorological,Storm,Tropical cyclone,,Saomai,KOR,Republic of Korea,Eastern Asia,Asia,"Kyongsangbuk-do, Kyongsangnam-do provinces",,,No,No,No,,,Kph,,,,2000,9,16,2000,9,16,8,,,411,411,,,,,71000,129337,54.89515197,"[{""adm1_code"":2440,""adm1_name"":""Kyongsangbuk-do""},{""adm1_code"":2441,""adm1_name"":""Kyongsangnam-do""}]",2003-07-01,2025-03-14
2001-0010-KOR,No,nat-met-sto-sto,Natural,Meteorological,Storm,Storm (General),,,KOR,Republic of Korea,Eastern Asia,Asia,"Seoul, Kyonggi-do, Chungchongnam-do, Kyongsangbuk-do, Kyongsangnam-do provinces",,,No,No,No,,,Kph,,,,2001,1,8,2001,1,8,11,300,,,300,,,,,290000,513760,56.44657635,"[{""adm1_code"":2435,""adm1_name"":""Chungchongnam-do""},{""adm1_code"":2439,""adm1_name"":""Kyonggi-do""},{""adm1_code"":2440,""adm1_name"":""Kyongsangbuk-do""},{""adm1_code"":2441,""adm1_name"":""Kyongsangnam-do""},{""adm1_code"":2443,""adm1_name"":""Seoul""}]",2003-07-01,2023-09-25
2001-0335-KOR,No,nat-hyd-flo-fla,Natural,Hydrological,Flood,Flash flood,,,KOR,Republic of Korea,Eastern Asia,Asia,"Anyang city (Kyonggi-do province), Seoul province",Brief torrential rain,,No,No,No,,2230,Km2,,,,2001,7,14,2001,7,15,62,,295000,,295000,,,,,76000,134641,56.44657635,"[{""adm1_code"":2439,""adm1_name"":""Kyonggi-do""},{""adm1_code"":2443,""adm1_name"":""Seoul""}]",2005-09-20,2023-09-25
2001-0403-KOR,No,nat-hyd-flo-fla,Natural,Hydrological,Flood,Flash flood,,,KOR,Republic of Korea,Eastern Asia,Asia,"Seoul, Kyonggi-do provinces",Brief torrential rain,,No,No,No,,2230,Km2,,,,2001,7,29,2001,7,30,8,,15000,,15000,,,,,,,56.44657635,"[{""adm1_code"":2439,""adm1_name"":""Kyonggi-do""},{""adm1_code"":2443,""adm1_name"":""Seoul""}]",2005-09-20,2023-09-25
2001-9398-KOR,No,nat-cli-dro-dro,Natural,Climatological,Drought,Drought,,,KOR,Republic of Korea,Eastern Asia,Asia,"Cheju-do, Chollabuk-do, Chollanam-do, Chungchongbuk-do, Chungchongnam-do, Inchon, Kang-won-do, Kwangju, Kyonggi-do, Kyongsangbuk-do, Kyongsangnam-do, Pusan, Seoul, Taegu, Taejon provinces",,,No,No,No,,,Km2,,,,2001,6,,2001,,,,,,,,,,,,,,56.44657635,"[{""adm1_code"":2431,""adm1_name"":""Cheju-do""},{""adm1_code"":2432,""adm1_name"":""Chollabuk-do""},{""adm1_code"":2433,""adm1_name"":""Chollanam-do""},{""adm1_code"":2434,""adm1_name"":""Chungchongbuk-do""},{""adm1_code"":2435,""adm1_name"":""Chungchongnam-do""},{""adm1_code"":2436,""adm1_name"":""Inchon""},{""adm1_code"":2437,""adm1_name"":""Kang-won-do""},{""adm1_code"":2438,""adm1_name"":""Kwangju""},{""adm1_code"":2439,""adm1_name"":""Kyonggi-do""},{""adm1_code"":2440,""adm1_name"":""Kyongsangbuk-do""},{""adm1_code"":2441,""adm1_name"":""Kyongsangnam-do""},{""adm1_code"":2442,""adm1_name"":""Pusan""},{""adm1_code"":2443,""adm1_name"":""Seoul""},{""adm1_code"":2444,""adm1_name"":""Taegu""},{""adm1_code"":2445,""adm1_name"":""Taejon""}]",2006-02-27,2023-09-25
2002-0406-KOR,No,nat-met-sto-sto,Natural,Meteorological,Storm,Storm (General),,Rammasun,KOR,Republic of Korea,Eastern Asia,Asia,"Cheju-do, Chollabuk-do, Chollanam-do, Chungchongbuk-do, Chungchongnam-do, Inchon, Kang-won-do, Kwangju, Kyonggi-do, Kyongsangbuk-do, Kyongsangnam-do, Pusan, Seoul, Taegu, Taejon provinces",,,No,No,No,,,Kph,,,,2002,7,5,2002,7,7,4,,,,,,,,,10000,17439,57.34184015,"[{""adm1_code"":2431,""adm1_name"":""Cheju-do""},{""adm1_code"":2432,""adm1_name"":""Chollabuk-do""},{""adm1_code"":2433,""adm1_name"":""Chollanam-do""},{""adm1_code"":2434,""adm1_name"":""Chungchongbuk-do""},{""adm1_code"":2435,""adm1_name"":""Chungchongnam-do""},{""adm1_code"":2436,""adm1_name"":""Inchon""},{""adm1_code"":2437,""adm1_name"":""Kang-won-do""},{""adm1_code"":2438,""adm1_name"":""Kwangju""},{""adm1_code"":2439,""adm1_name"":""Kyonggi-do""},{""adm1_code"":2440,""adm1_name"":""Kyongsangbuk-do""},{""adm1_code"":2441,""adm1_name"":""Kyongsangnam-do""},{""adm1_code"":2442,""adm1_name"":""Pusan""},{""adm1_code"":2443,""adm1_name"":""Seoul""},{""adm1_code"":2444,""adm1_name"":""Taegu""},{""adm1_code"":2445,""adm1_name"":""Taejon""}]",2008-03-21,2023-09-25
2002-0424-KOR,No,nat-met-sto-sto,Natural,Meteorological,Storm,Storm (General),,,KOR,Republic of Korea,Eastern Asia,Asia,"Chollanam-do, Kyongsangnam-do provinces",,,No,No,No,,,Kph,,,,2002,7,13,2002,7,14,16,,,,,,,,,,,57.34184015,"[{""adm1_code"":2433,""adm1_name"":""Chollanam-do""},{""adm1_code"":2441,""adm1_name"":""Kyongsangnam-do""}]",2003-07-01,2023-09-25
2002-0474-KOR,No,nat-hyd-flo-riv,Natural,Hydrological,Flood,Riverine flood,,,KOR,Republic of Korea,Eastern Asia,Asia,Seoul province,Heavy rains,"Slide (land, mud, snow, rock)",Yes,No,No,,,Km2,,,"Han, Naktong",2002,8,5,2002,8,11,21,7,4000,,4007,,,,,345000,601655,57.34184015,"[{""adm1_code"":2443,""adm1_name"":""Seoul""}]",2005-09-23,2023-09-25
2002-0557-KOR,No,nat-met-sto-tro,Natural,Meteorological,Storm,Tropical cyclone,,Rusa,KOR,Republic of Korea,Eastern Asia,Asia,"Kyongsangbuk-do, Kyongsangnam-do, Chungchongbuk-do, Chungchongnam-do, Kang-won-do, Cheju-do provinces",,"Slide (land, mud, snow, rock)",No,No,No,190,204,Kph,,,,2002,8,31,2002,9,6,184,,88625,,88625,,,170000,296468,4200000,7324495,57.34184015,"[{""adm1_code"":2431,""adm1_name"":""Cheju-do""},{""adm1_code"":2434,""adm1_name"":""Chungchongbuk-do""},{""adm1_code"":2435,""adm1_name"":""Chungchongnam-do""},{""adm1_code"":2437,""adm1_name"":""Kang-won-do""},{""adm1_code"":2440,""adm1_name"":""Kyongsangbuk-do""},{""adm1_code"":2441,""adm1_name"":""Kyongsangnam-do""}]",2008-03-21,2023-09-25
2003-0459-KOR,No,nat-met-sto-tro,Natural,Meteorological,Storm,Tropical cyclone,,Maemi,KOR,Republic of Korea,Eastern Asia,Asia,"Kyongsangbuk-do, Kyongsangnam-do, Kang-won-do, Pusan, Chollanam-do provinces",,"Flood|Slide (land, mud, snow, rock)",Yes,No,Yes,230,216,Kph,,,,2003,9,12,2003,9,12,130,,65000,15000,80000,,,504000,859430,4500000,7673478,58.64355298,"[{""adm1_code"":2433,""adm1_name"":""Chollanam-do""},{""adm1_code"":2437,""adm1_name"":""Kang-won-do""},{""adm1_code"":2440,""adm1_name"":""Kyongsangbuk-do""},{""adm1_code"":2441,""adm1_name"":""Kyongsangnam-do""},{""adm1_code"":2442,""adm1_name"":""Pusan""}]",2005-04-13,2023-09-25
2004-0120-KOR,No,nat-met-sto-bli,Natural,Meteorological,Storm,Blizzard/Winter storm,,,KOR,Republic of Korea,Eastern Asia,Asia,"Chungchongbuk-do, Chungchongnam-do, Kyongsangbuk-do, Kyongsangnam-do, Taejon provinces",,,No,No,Yes,,,Kph,,,,2004,3,5,2004,3,8,,,,,,,,,,570000,946630,60.21357973,"[{""adm1_code"":2434,""adm1_name"":""Chungchongbuk-do""},{""adm1_code"":2435,""adm1_name"":""Chungchongnam-do""},{""adm1_code"":2440,""adm1_name"":""Kyongsangbuk-do""},{""adm1_code"":2441,""adm1_name"":""Kyongsangnam-do""},{""adm1_code"":2445,""adm1_name"":""Taejon""}]",2005-01-24,2023-09-25
2004-0123-KOR,No,nat-cli-wil-for,Natural,Climatological,Wildfire,Forest fire,,,KOR,Republic of Korea,Eastern Asia,Asia,Sokcho city (Kang-won-do province),,,No,No,No,,,Km2,,,,2004,3,10,2004,3,10,,,2000,155,2155,,,,,,,60.21357973,"[{""adm1_code"":2437,""adm1_name"":""Kang-won-do""}]",2004-03-22,2023-09-25
2004-0276-KOR,No,nat-met-sto-tro,Natural,Meteorological,Storm,Tropical cyclone,GLIDE:TC-2004-000039,Dianmu (Helen/09W),KOR,Republic of Korea,Eastern Asia,Asia,Munkyong area (Kyongsangbuk-do province),,Rain,No,No,No,,,Kph,,,,2004,6,18,2004,6,20,6,,,522,522,,,,,,,60.21357973,"[{""adm1_code"":2440,""adm1_name"":""Kyongsangbuk-do""}]",2004-07-02,2025-03-04
2004-0381-KOR,No,nat-hyd-flo-riv,Natural,Hydrological,Flood,Riverine flood,,,KOR,Republic of Korea,Eastern Asia,Asia,"Chungchongbuk-do, Chungchongnam-do, Seoul, Kyonggi-do, Chollanam-do provinces",Monsoonal rain,"Slide (land, mud, snow, rock)",No,No,No,,,Km2,,,,2004,8,15,2004,8,22,10,,1501,,1501,,,,,5548,9214,60.21357973,"[{""adm1_code"":2433,""adm1_name"":""Chollanam-do""},{""adm1_code"":2434,""adm1_name"":""Chungchongbuk-do""},{""adm1_code"":2435,""adm1_name"":""Chungchongnam-do""},{""adm1_code"":2439,""adm1_name"":""Kyonggi-do""},{""adm1_code"":2443,""adm1_name"":""Seoul""}]",2004-08-17,2023-09-25
2004-0428-KOR,No,nat-met-sto-tro,Natural,Meteorological,Storm,Tropical cyclone,,Megi (Lawin/18W),KOR,Republic of Korea,Eastern Asia,Asia,"Chollabuk-do, Chollanam-do, Kyongsangbuk-do, Kyongsangnam-do provinces",,"Flood|Slide (land, mud, snow, rock)",No,No,No,,75,Kph,,,,2004,8,15,2004,8,17,8,,,2400,2400,,,,,1000,1661,60.21357973,"[{""adm1_code"":2432,""adm1_name"":""Chollabuk-do""},{""adm1_code"":2433,""adm1_name"":""Chollanam-do""},{""adm1_code"":2440,""adm1_name"":""Kyongsangbuk-do""},{""adm1_code"":2441,""adm1_name"":""Kyongsangnam-do""}]",2006-05-05,2023-09-25
2004-0459-KOR,No,nat-met-sto-tro,Natural,Meteorological,Storm,Tropical cyclone,,Songda (Nina/22W),KOR,Republic of Korea,Eastern Asia,Asia,"Cheju-do, Chollabuk-do, Chollanam-do, Chungchongbuk-do, Chungchongnam-do, Inchon, Kang-won-do, Kwangju, Kyonggi-do, Kyongsangbuk-do, Kyongsangnam-do, Pusan, Seoul, Taegu, Taejon provinces",,,No,No,No,,,Kph,,,,2004,9,6,2004,9,9,,,,,,,,,,250000,415189,60.21357973,"[{""adm1_code"":2431,""adm1_name"":""Cheju-do""},{""adm1_code"":2432,""adm1_name"":""Chollabuk-do""},{""adm1_code"":2433,""adm1_name"":""Chollanam-do""},{""adm1_code"":2434,""adm1_name"":""Chungchongbuk-do""},{""adm1_code"":2435,""adm1_name"":""Chungchongnam-do""},{""adm1_code"":2436,""adm1_name"":""Inchon""},{""adm1_code"":2437,""adm1_name"":""Kang-won-do""},{""adm1_code"":2438,""adm1_name"":""Kwangju""},{""adm1_code"":2439,""adm1_name"":""Kyonggi-do""},{""adm1_code"":2440,""adm1_name"":""Kyongsangbuk-do""},{""adm1_code"":2441,""adm1_name"":""Kyongsangnam-do""},{""adm1_code"":2442,""adm1_name"":""Pusan""},{""adm1_code"":2443,""adm1_name"":""Seoul""},{""adm1_code"":2444,""adm1_name"":""Taegu""},{""adm1_code"":2445,""adm1_name"":""Taejon""}]",2007-02-23,2023-09-25
2004-0500-KOR,No,nat-hyd-flo-riv,Natural,Hydrological,Flood,Riverine flood,,,KOR,Republic of Korea,Eastern Asia,Asia,Cheju-do province,Torrential rain,,No,No,No,,,Km2,,,,2004,9,11,2004,9,12,,,3190,,3190,,,,,1047,1739,60.21357973,"[{""adm1_code"":2431,""adm1_name"":""Cheju-do""}]",2007-07-25,2023-09-25
2005-0180-KOR,No,nat-cli-wil-for,Natural,Climatological,Wildfire,Forest fire,,,KOR,Republic of Korea,Eastern Asia,Asia,"Yangyang, Kosong cities (Kang-won-do province)",,,No,No,Yes,,,Km2,,,,2005,4,4,2005,4,6,,,1800,340,2140,,,,,,,62.25647853,"[{""adm1_code"":2437,""adm1_name"":""Kang-won-do""}]",2005-04-25,2023-09-25
2005-0392-KOR,No,nat-hyd-flo-fla,Natural,Hydrological,Flood,Flash flood,,,KOR,Republic of Korea,Eastern Asia,Asia,"Chollabuk-do, Chollanam-do, Kang-won-do, Kyongsangbuk-do, Kyongsangnam-do provinces",Monsoonal rains,"Slide (land, mud, snow, rock)",No,No,No,,9970,Km2,,,"Namdae, Dongjin",2005,8,2,2005,8,4,18,,13010,1500,14510,,,,,,,62.25647853,"[{""adm1_code"":2432,""adm1_name"":""Chollabuk-do""},{""adm1_code"":2433,""adm1_name"":""Chollanam-do""},{""adm1_code"":2437,""adm1_name"":""Kang-won-do""},{""adm1_code"":2440,""adm1_name"":""Kyongsangbuk-do""},{""adm1_code"":2441,""adm1_name"":""Kyongsangnam-do""}]",2005-09-14,2023-09-25
2005-0419-KOR,No,nat-met-sto-tro,Natural,Meteorological,Storm,Tropical cyclone,GLIDE:TC-2005-000128,Matsa (Gorio/09W),KOR,Republic of Korea,Eastern Asia,Asia,"Cheju-do, Chollabuk-do, Chollanam-do, Chungchongbuk-do, Chungchongnam-do, Inchon, Kang-won-do, Kwangju, Kyonggi-do, Kyongsangbuk-do, Kyongsangnam-do, Pusan, Seoul, Taegu, Taejon provinces",,,No,No,No,,,Kph,,,,2005,8,2,2005,8,7,5,,,,,,,,,500,803,62.25647853,"[{""adm1_code"":2431,""adm1_name"":""Cheju-do""},{""adm1_code"":2432,""adm1_name"":""Chollabuk-do""},{""adm1_code"":2433,""adm1_name"":""Chollanam-do""},{""adm1_code"":2434,""adm1_name"":""Chungchongbuk-do""},{""adm1_code"":2435,""adm1_name"":""Chungchongnam-do""},{""adm1_code"":2436,""adm1_name"":""Inchon""},{""adm1_code"":2437,""adm1_name"":""Kang-won-do""},{""adm1_code"":2438,""adm1_name"":""Kwangju""},{""adm1_code"":2439,""adm1_name"":""Kyonggi-do""},{""adm1_code"":2440,""adm1_name"":""Kyongsangbuk-do""},{""adm1_code"":2441,""adm1_name"":""Kyongsangnam-do""},{""adm1_code"":2442,""adm1_name"":""Pusan""},{""adm1_code"":2443,""adm1_name"":""Seoul""},{""adm1_code"":2444,""adm1_name"":""Taegu""},{""adm1_code"":2445,""adm1_name"":""Taejon""}]",2007-02-21,2025-06-25
2005-0497-KOR,No,nat-met-sto-tro,Natural,Meteorological,Storm,Tropical cyclone,GLIDE:TC-2005-000154,Nabi (Jolina/14W),KOR,Republic of Korea,Eastern Asia,Asia,"Ulsan, Ulleung areas (Kyongsangnam-do province), Pohang, Gyeongju areas (Kyongsangbuk-do province)",,,No,No,No,,,Kph,,,,2005,9,8,2005,9,8,5,,1100,,1100,,,,,5000,8031,62.25647853,"[{""adm1_code"":2440,""adm1_name"":""Kyongsangbuk-do""},{""adm1_code"":2441,""adm1_name"":""Kyongsangnam-do""}]",2005-09-13,2025-06-25
2005-0723-KOR,No,nat-met-sto-sto,Natural,Meteorological,Storm,Storm (General),,,KOR,Republic of Korea,Eastern Asia,Asia,"Chollabuk-do, Chollanam-do, Kwangju provinces",,,No,No,No,,,Kph,,,,2005,12,22,2005,12,25,1,,,,,,,,,160000,257001,62.25647853,"[{""adm1_code"":2432,""adm1_name"":""Chollabuk-do""},{""adm1_code"":2433,""adm1_name"":""Chollanam-do""},{""adm1_code"":2438,""adm1_name"":""Kwangju""}]",2007-02-22,2023-09-25
2006-0361-KOR,No,nat-hyd-flo-fla,Natural,Hydrological,Flood,Flash flood,GLIDE:FL-2006-000091|GLIDE:FL-2006-000092,,KOR,Republic of Korea,Eastern Asia,Asia,"Seoul, Kang-won-do, Kyonggi-do provinces",Monsoonal rain,"Slide (land, mud, snow, rock)",Yes,No,No,703,9610,Km2,37.56,127.17,"Han, Imjin, Hantan, Namhan, Nakdong, Daedong",2006,7,12,2006,7,20,46,,4630,,4630,,,,,,,64.26483222,"[{""adm1_code"":2437,""adm1_name"":""Kang-won-do""},{""adm1_code"":2439,""adm1_name"":""Kyonggi-do""},{""adm1_code"":2443,""adm1_name"":""Seoul""}]",2007-02-15,2025-06-25
2007-0470-KOR,No,nat-met-sto-tro,Natural,Meteorological,Storm,Tropical cyclone,GLIDE:TC-2007-000165,Nari (11),KOR,Republic of Korea,Eastern Asia,Asia,"Cheju-do, Chollanam-do provinces",,Flood,No,No,No,,,Kph,34.78,126.59,,2007,9,16,2007,9,19,20,2,,600,602,,,,,70000,105903,66.09810297,"[{""adm1_code"":2431,""adm1_name"":""Cheju-do""},{""adm1_code"":2433,""adm1_name"":""Chollanam-do""}]",2008-08-04,2023-09-25
2007-0598-KOR,No,nat-hyd-flo-flo,Natural,Hydrological,Flood,Flood (General),,,KOR,Republic of Korea,Eastern Asia,Asia,Cheju-do province,Typhoon Nari,,No,No,No,,930,Km2,33.4,126.72,,2007,9,4,2007,9,7,3,,1000,,1000,,,,,,,66.09810297,"[{""adm1_code"":2431,""adm1_name"":""Cheju-do""}]",2007-12-15,2023-09-25
2008-0185-KOR,No,nat-hyd-flo-coa,Natural,Hydrological,Flood,Coastal flood,GLIDE:SS-2008-000060,,KOR,Republic of Korea,Eastern Asia,Asia,Boryeong city (Chungchongnam-do province),,,No,No,No,,,Km2,,,,2008,5,4,2008,5,4,10,13,,,13,,,,,,,68.63567228,"[{""adm1_code"":2435,""adm1_name"":""Chungchongnam-do""}]",2008-07-31,2023-09-25
2010-0479-KOR,No,nat-met-sto-tro,Natural,Meteorological,Storm,Tropical cyclone,,Typhoon Kompasu,KOR,Republic of Korea,Eastern Asia,Asia,"Chungchongnam-do, Chollanam-do, Kwangju, Inchon, Seoul provinces",,,No,No,No,,120,Kph,,,,2010,9,2,2010,9,2,12,,41500,,41500,,,,,,,69.51329329,"[{""adm1_code"":2433,""adm1_name"":""Chollanam-do""},{""adm1_code"":2435,""adm1_name"":""Chungchongnam-do""},{""adm1_code"":2436,""adm1_name"":""Inchon""},{""adm1_code"":2438,""adm1_name"":""Kwangju""},{""adm1_code"":2443,""adm1_name"":""Seoul""}]",2010-10-14,2023-09-25
2011-0250-KOR,No,nat-hyd-flo-riv,Natural,Hydrological,Flood,Riverine flood,,,KOR,Republic of Korea,Eastern Asia,Asia,"Chollabuk-do, Chollanam-do, Kyongsangbuk-do, Kyongsangnam-do, Chungchongbuk-do, Chungchongnam-do provinces",Heavy rains,"Slide (land, mud, snow, rock)",No,No,No,,,Km2,,,,2011,7,8,2011,7,11,9,,,,,,,,,,,71.70772361,"[{""adm1_code"":2432,""adm1_name"":""Chollabuk-do""},{""adm1_code"":2433,""adm1_name"":""Chollanam-do""},{""adm1_code"":2434,""adm1_name"":""Chungchongbuk-do""},{""adm1_code"":2435,""adm1_name"":""Chungchongnam-do""},{""adm1_code"":2440,""adm1_name"":""Kyongsangbuk-do""},{""adm1_code"":2441,""adm1_name"":""Kyongsangnam-do""}]",2011-08-02,2023-09-25
2011-0274-KOR,No,nat-hyd-mmw-lan,Natural,Hydrological,Mass movement (wet),Landslide (wet),,,KOR,Republic of Korea,Eastern Asia,Asia,"Chuncheon city (Kang-won-do province), Bangbae-dong area (Seoul province), Dongducheon area (Kyongii-do province)",Heavy rains,Broken Dam/Burst bank,No,No,No,,,,,,,2011,7,26,2011,7,27,59,26,,2000,2026,,,,,,,71.70772361,"[{""adm1_code"":2437,""adm1_name"":""Kang-won-do""},{""adm1_code"":2439,""adm1_name"":""Kyonggi-do""},{""adm1_code"":2443,""adm1_name"":""Seoul""}]",2011-08-02,2023-09-25
2011-0426-KOR,No,nat-hyd-flo-riv,Natural,Hydrological,Flood,Riverine flood,,,KOR,Republic of Korea,Eastern Asia,Asia,"Chuncheon city (Kang-won-do province), Seoul, Kyonggi-do provinces",Heavy rains,"Slide (land, mud, snow, rock)",No,No,No,,17840,Km2,37.851,126.87,,2011,7,27,2011,8,9,53,,29000,,29000,,,,,52000,72517,71.70772361,"[{""adm1_code"":2437,""adm1_name"":""Kang-won-do""},{""adm1_code"":2439,""adm1_name"":""Kyonggi-do""},{""adm1_code"":2443,""adm1_name"":""Seoul""}]",2012-01-05,2023-09-25
2012-0414-KOR,No,nat-met-sto-tro,Natural,Meteorological,Storm,Tropical cyclone,GLIDE:TC-2012-000159,Typhoon Bolaven,KOR,Republic of Korea,Eastern Asia,Asia,"Cheju-do, Chollabuk-do, Chollanam-do, Chungchongbuk-do, Chungchongnam-do, Inchon, Kang-won-do, Kwangju, Kyonggi-do, Kyongsangbuk-do, Kyongsangnam-do, Pusan, Seoul, Taegu, Taejon provinces",,,No,No,No,,,Kph,,,,2012,8,28,2012,8,28,20,,,,,,,,,450000,614825,73.19159161,"[{""adm1_code"":2431,""adm1_name"":""Cheju-do""},{""adm1_code"":2432,""adm1_name"":""Chollabuk-do""},{""adm1_code"":2433,""adm1_name"":""Chollanam-do""},{""adm1_code"":2434,""adm1_name"":""Chungchongbuk-do""},{""adm1_code"":2435,""adm1_name"":""Chungchongnam-do""},{""adm1_code"":2436,""adm1_name"":""Inchon""},{""adm1_code"":2437,""adm1_name"":""Kang-won-do""},{""adm1_code"":2438,""adm1_name"":""Kwangju""},{""adm1_code"":2439,""adm1_name"":""Kyonggi-do""},{""adm1_code"":2440,""adm1_name"":""Kyongsangbuk-do""},{""adm1_code"":2441,""adm1_name"":""Kyongsangnam-do""},{""adm1_code"":2442,""adm1_name"":""Pusan""},{""adm1_code"":2443,""adm1_name"":""Seoul""},{""adm1_code"":2444,""adm1_name"":""Taegu""},{""adm1_code"":2445,""adm1_name"":""Taejon""}]",2013-02-06,2023-09-25
2012-0585-KOR,No,nat-met-sto-tro,Natural,Meteorological,Storm,Tropical cyclone,,Typhoon Tembin,KOR,Republic of Korea,Eastern Asia,Asia,"Cheju-do, Chollabuk-do, Chollanam-do, Chungchongbuk-do, Kwangju, Kyongsangbuk-do, Kyongsangnam-do, Pusan, Taegu provinces",,"Flood|Slide (land, mud, snow, rock)",No,No,No,,,Kph,,,,2012,8,30,2012,8,30,2,,,,,,,,,,,73.19159161,"[{""adm1_code"":2431,""adm1_name"":""Cheju-do""},{""adm1_code"":2432,""adm1_name"":""Chollabuk-do""},{""adm1_code"":2433,""adm1_name"":""Chollanam-do""},{""adm1_code"":2434,""adm1_name"":""Chungchongbuk-do""},{""adm1_code"":2438,""adm1_name"":""Kwangju""},{""adm1_code"":2440,""adm1_name"":""Kyongsangbuk-do""},{""adm1_code"":2441,""adm1_name"":""Kyongsangnam-do""},{""adm1_code"":2442,""adm1_name"":""Pusan""},{""adm1_code"":2444,""adm1_name"":""Taegu""}]",2013-02-06,2023-09-25
2012-0588-KOR,No,nat-met-sto-tro,Natural,Meteorological,Storm,Tropical cyclone,GLIDE:TC-2012-000163,Typhoon Sanba,KOR,Republic of Korea,Eastern Asia,Asia,Cheju-do province,,,No,No,No,,,Kph,,,,2012,9,15,2012,9,17,,,3120,,3120,,,,,349000,476831,73.19159161,"[{""adm1_code"":2431,""adm1_name"":""Cheju-do""}]",2013-02-06,2025-06-25
2014-0077-KOR,No,nat-met-sto-bli,Natural,Meteorological,Storm,Blizzard/Winter storm,,,KOR,Republic of Korea,Eastern Asia,Asia,Gyeongju-si area (Kyongsangbuk-do province),,,No,No,No,,,Kph,,,,2014,2,17,2014,2,17,10,101,,,101,,,,,11000,14576,75.46845568,"[{""adm1_code"":2440,""adm1_name"":""Kyongsangbuk-do""}]",2014-02-28,2023-09-25
2014-0314-KOR,No,nat-met-sto-tro,Natural,Meteorological,Storm,Tropical cyclone,,Tropical storm Nakri,KOR,Republic of Korea,Eastern Asia,Asia,"Chungchongnam-do, Chollabuk-do provinces",,,No,No,No,,,Kph,,,,2014,8,3,2014,8,6,14,,,,,,,,,,,75.46845568,"[{""adm1_code"":2432,""adm1_name"":""Chollabuk-do""},{""adm1_code"":2435,""adm1_name"":""Chungchongnam-do""}]",2014-09-23,2023-09-25
2014-0324-KOR,No,nat-hyd-flo-fla,Natural,Hydrological,Flood,Flash flood,GLIDE:FL-2014-000119,,KOR,Republic of Korea,Eastern Asia,Asia,"Pusan, Kyongsangnam-do provinces",,,No,No,No,,,Km2,,,,2014,8,25,2014,9,4,17,,,,,,,,,2000,2650,75.46845568,"[{""adm1_code"":2441,""adm1_name"":""Kyongsangnam-do""},{""adm1_code"":2442,""adm1_name"":""Pusan""}]",2014-09-24,2025-06-25
2016-0023-KOR,No,nat-met-ext-col,Natural,Meteorological,Extreme temperature,Cold wave,,,KOR,Republic of Korea,Eastern Asia,Asia,"Jejudo, Ulleungedo (Kangwondo), Seoul, Chollabuk-do, Chollanam-do, Chungchongbuk-do, Chungchongnam-do, Inchon, Kang-won-do, Kwangju, Kyonggi-do, Kyongsangbuk-do, Kyongsangnam-do, Pusan, Taegu, Taejon",,,No,No,No,,-18,°C,,,,2016,1,20,2016,1,26,6,,,,,,,,,127000,165989,76.5112162,"[{""adm1_code"":2431,""adm1_name"":""Cheju-do""},{""adm1_code"":2432,""adm1_name"":""Chollabuk-do""},{""adm1_code"":2433,""adm1_name"":""Chollanam-do""},{""adm1_code"":2434,""adm1_name"":""Chungchongbuk-do""},{""adm1_code"":2435,""adm1_name"":""Chungchongnam-do""},{""adm1_code"":2436,""adm1_name"":""Inchon""},{""adm1_code"":2437,""adm1_name"":""Kang-won-do""},{""adm1_code"":2438,""adm1_name"":""Kwangju""},{""adm1_code"":2439,""adm1_name"":""Kyonggi-do""},{""adm1_code"":2440,""adm1_name"":""Kyongsangbuk-do""},{""adm1_code"":2441,""adm1_name"":""Kyongsangnam-do""},{""adm1_code"":2442,""adm1_name"":""Pusan""},{""adm1_code"":2443,""adm1_name"":""Seoul""},{""adm1_code"":2444,""adm1_name"":""Taegu""},{""adm1_code"":2445,""adm1_name"":""Taejon""}]",2016-02-15,2023-09-25
2016-0341-KOR,No,nat-geo-ear-gro,Natural,Geophysical,Earthquake,Ground movement,,,KOR,Republic of Korea,Eastern Asia,Asia,Kyonju,,,No,No,No,,5.4,Moment Magnitude,35.781,129.216,,2016,9,12,2016,9,12,,32,29800,,29832,,,,,21000,27447,76.5112162,"[{""adm1_code"":2440,""adm1_name"":""Kyongsangbuk-do""}]",2016-10-31,2023-09-25
2016-0361-KOR,No,nat-met-sto-tro,Natural,Meteorological,Storm,Tropical cyclone,,Typhoon Chaba (Chyba?),KOR,Republic of Korea,Eastern Asia,Asia,"Busan city (Pusan province), Ulsan city (Kyongsangnam-do province), Cheju-do province (Jeju island), Chollanam-do province, Gyeongju city (Kyongsangbuk-do province)",,"Flood|Slide (land, mud, snow, rock)",No,No,No,,,Kph,,,,2016,10,5,2016,10,12,9,,1500,,1500,,,,,126000,164682,76.5112162,"[{""adm1_code"":2431,""adm1_name"":""Cheju-do""},{""adm1_code"":2433,""adm1_name"":""Chollanam-do""},{""adm1_code"":2440,""adm1_name"":""Kyongsangbuk-do""},{""adm1_code"":2441,""adm1_name"":""Kyongsangnam-do""},{""adm1_code"":2442,""adm1_name"":""Pusan""}]",2016-11-16,2023-09-25
2017-0443-KOR,No,nat-geo-ear-gro,Natural,Geophysical,Earthquake,Ground movement,GLIDE:EQ-2017-000167,,KOR,Republic of Korea,Eastern Asia,Asia,"Near Pohang, Gyeongsangbuk-do province",,,No,No,No,,5.4,Moment Magnitude,36.065,129.27,,2017,11,15,2017,11,15,,57,5000,,5057,,,,,,,78.14100176,"[{""adm1_code"":2440,""adm1_name"":""Kyongsangbuk-do""}]",2017-11-15,2025-06-25
2018-0226-KOR,No,nat-met-ext-hea,Natural,Meteorological,Extreme temperature,Heat wave,,,KOR,Republic of Korea,Eastern Asia,Asia,,,,No,No,No,,,°C,,,,2018,7,,2018,7,,,,,,,,,,,,,80.04959626,,2018-08-09,2023-09-25
2019-0149-KOR,No,nat-cli-wil-for,Natural,Climatological,Wildfire,Forest fire,,,KOR,Republic of Korea,Eastern Asia,Asia,Gangwon province,,,No,No,Yes,,,Km2,,,,2019,4,4,2019,4,5,1,35,3000,,3035,,,,,,,81.50030941,"[{""adm1_code"":2437,""adm1_name"":""Kang-won-do""}]",2019-04-11,2023-09-25
2019-0424-KOR,No,nat-met-sto-tro,Natural,Meteorological,Storm,Tropical cyclone,GLIDE:TC-2019-000102,Tropical cyclone 'Lingling',KOR,Republic of Korea,Eastern Asia,Asia,Jeju,,,No,No,No,,,Kph,,,,2019,9,6,2019,9,7,3,33,38,,71,,,,,,,81.50030941,"[{""adm1_code"":2431,""adm1_name"":""Cheju-do""}]",2019-09-20,2024-04-10
2019-0443-KOR,No,nat-met-sto-tro,Natural,Meteorological,Storm,Tropical cyclone,,Tropical storm 'Tapah',KOR,Republic of Korea,Eastern Asia,Asia,Jeju Island,,,No,No,No,,,Kph,,,,2019,9,24,2019,9,24,2,,83370,,83370,,,,,,,81.50030941,"[{""adm1_code"":2431,""adm1_name"":""Cheju-do""}]",2019-09-24,2023-09-25
2019-0472-KOR,No,nat-met-sto-tro,Natural,Meteorological,Storm,Tropical cyclone,,Tropical cyclone 'Mitag',KOR,Republic of Korea,Eastern Asia,Asia,South Jeolla Province,,,No,No,No,,75,Kph,,,,2019,10,2,2019,10,2,15,11,1400,,1411,,,,,553000,678525,81.50030941,"[{""adm1_code"":2433,""adm1_name"":""Chollanam-do""}]",2019-10-03,2023-09-25
2020-0308-KOR,No,nat-met-sto-tro,Natural,Meteorological,Storm,Tropical cyclone,,Tropical cyclone 'Hagupit' (Dindo),KOR,Republic of Korea,Eastern Asia,Asia,North Chungcheong,,"Slide (land, mud, snow, rock)",No,No,No,,130,Kph,,,,2020,8,3,2020,8,4,26,7,1000,,1007,,,,,,,82.50568385,"[{""adm1_code"":2434,""adm1_name"":""Chungchongbuk-do""}]",2020-08-04,2023-09-25
2020-0327-KOR,No,nat-hyd-flo-flo,Natural,Hydrological,Flood,Flood (General),,,KOR,Republic of Korea,Eastern Asia,Asia,"South Gyeongsang, North Jeolla, South Jeolla provinces",Heavy rains,,No,No,No,,,Km2,,,,2020,7,13,2020,7,30,10,,9000,,9000,,,,,,,82.50568385,"[{""adm1_code"":2432,""adm1_name"":""Chollabuk-do""},{""adm1_code"":2433,""adm1_name"":""Chollanam-do""},{""adm1_code"":2440,""adm1_name"":""Kyongsangbuk-do""}]",2020-08-10,2023-09-25
2020-0333-KOR,No,nat-hyd-flo-flo,Natural,Hydrological,Flood,Flood (General),GLIDE:FL-2020-000187,,KOR,Republic of Korea,Eastern Asia,Asia,North Chungcheong and Gyeonggi Provinces,Heavy rains,"Slide (land, mud, snow, rock)",No,No,No,,,Km2,,,,2020,8,1,2020,8,12,42,,6000,,6000,,,,,420000,509056,82.50568385,"[{""adm1_code"":2434,""adm1_name"":""Chungchongbuk-do""},{""adm1_code"":2439,""adm1_name"":""Kyonggi-do""}]",2020-08-12,2025-07-16
2020-0400-KOR,No,nat-met-sto-tro,Natural,Meteorological,Storm,Tropical cyclone,GLIDE:TC-2020-000197,Tropical cyclone 'Haishen' (Kristine),KOR,Republic of Korea,Eastern Asia,Asia,Ulsan,,,No,No,No,,185,Kph,,,,2020,9,6,2020,9,8,2,,,,,,,800000,969630,1200000,1454445,82.50568385,"[{""adm1_code"":2441,""adm1_name"":""Kyongsangnam-do""}]",2020-10-21,2025-06-25
2020-0403-KOR,No,nat-met-sto-tro,Natural,Meteorological,Storm,Tropical cyclone,,Typhoon 'Maisak' (Julian),KOR,Republic of Korea,Eastern Asia,Asia,"Gangwon, Jeju, South Gyeongsang, Busan",,Flood,No,No,No,,155,Kph,,,,2020,9,3,2020,9,4,1,,2400,,2400,,,,,,,82.50568385,"[{""adm1_code"":2431,""adm1_name"":""Cheju-do""},{""adm1_code"":2437,""adm1_name"":""Kang-won-do""},{""adm1_code"":2441,""adm1_name"":""Kyongsangnam-do""},{""adm1_code"":2442,""adm1_name"":""Pusan""}]",2020-09-07,2023-09-25
2021-0578-KOR,No,nat-met-sto-tro,Natural,Meteorological,Storm,Tropical cyclone,,Tropical depression 'Omais' (Isang),KOR,Republic of Korea,Eastern Asia,Asia,"Jeju Island, South Jeolla, and South Gyeongsang Provinces",,Flood,No,No,No,,,Kph,,,,2021,8,23,2021,8,24,,,600,,600,,,,,13000,15049,86.38165694,"[{""adm1_code"":2431,""adm1_name"":""Cheju-do""},{""adm1_code"":2433,""adm1_name"":""Chollanam-do""},{""adm1_code"":2438,""adm1_name"":""Kwangju""},{""adm1_code"":2440,""adm1_name"":""Kyongsangbuk-do""},{""adm1_code"":2441,""adm1_name"":""Kyongsangnam-do""},{""adm1_code"":2444,""adm1_name"":""Taegu""}]",2021-09-15,2024-04-23
2022-0100-KOR,No,nat-cli-wil-wil,Natural,Climatological,Wildfire,Wildfire (General),,,KOR,Republic of Korea,Eastern Asia,Asia,Yeongdeok County (North Gyeongsang Province); Hapcheon County; Goryeong County; Gangwon Provinces; Uljin and Samcheok cities,Strong winds and dry atmospheric conditions,,No,No,No,,,Km2,,,,2022,2,15,2022,3,7,,,7000,1080,8080,,,,,,,93.29460735,"[{""adm1_code"":2437,""adm1_name"":""Kang-won-do""},{""adm1_code"":2440,""adm1_name"":""Kyongsangbuk-do""},{""adm1_code"":2441,""adm1_name"":""Kyongsangnam-do""}]",2022-02-18,2024-08-27
2022-0423-KOR,No,nat-met-ext-hea,Natural,Meteorological,Extreme temperature,Heat wave,,,KOR,Republic of Korea,Eastern Asia,Asia,,,,No,No,No,,,°C,,,,2022,7,1,2022,7,2,2,355,,,355,,,,,,,93.29460735,,2022-07-12,2023-09-26
2022-0500-KOR,No,nat-hyd-flo-flo,Natural,Hydrological,Flood,Flood (General),GLIDE:FL-2022-000281,,KOR,Republic of Korea,Eastern Asia,Asia,"Seoul area, Incheon, Gangwon and Gyeongg provinces",Heavy rains,,No,No,No,,,Km2,,,,2022,8,7,2022,8,10,14,18,11400,,11418,,,,,423000,453402,93.29460735,,2022-08-09,2025-07-16
2022-0577-KOR,No,nat-met-sto-tro,Natural,Meteorological,Storm,Tropical cyclone,,Typhoon 'Hinnamnor',KOR,Republic of Korea,Eastern Asia,Asia,"Jeju Isl., Busan, Pohang, Sancheong, Ulsan, Namhe, Tongyeong, Jindo, Sinan",,Flood,No,No,No,,,Kph,,,,2022,9,4,2022,9,6,12,3,36000,,36003,,,,,,,93.29460735,,2022-09-06,2023-09-26
2023-0215-KOR,No,nat-cli-wil-wil,Natural,Climatological,Wildfire,Wildfire (General),,,KOR,Republic of Korea,Eastern Asia,Asia,Gangneung (Gangwon-do Province),,,No,No,No,,,Km2,,,,2023,4,11,2023,4,11,1,,500,,500,,,,,,,97.13499264,,2023-04-11,2023-09-26
2023-0440-KOR,No,nat-hyd-flo-flo,Natural,Hydrological,Flood,Flood (General),,,KOR,Republic of Korea,Eastern Asia,Asia,"North Gyeongsang, South Chungcheong Provinces",Monsoon rain,"Slide (land, mud, snow, rock)",No,No,No,,,Km2,,,,2023,7,9,2023,7,16,58,34,10500,,10534,,,,,,,97.13499264,,2023-07-17,2024-03-05
2023-0490-KOR,No,nat-met-sto-tro,Natural,Meteorological,Storm,Tropical cyclone,,Tropical cyclone 'Khanoun',KOR,Republic of Korea,Eastern Asia,Asia,,,,No,No,No,,,Kph,,,,2023,8,10,2023,8,10,2,,,,,,,,,,,97.13499264,,2023-08-28,2025-03-18
2024-0465-KOR,No,nat-hyd-flo-fla,Natural,Hydrological,Flood,Flash flood,,,KOR,Republic of Korea,Eastern Asia,Asia,"Chupungnyeong, Geumsan, Gunsan, Nonsan, Seocheon and Daegu (South Chungcheong and the North Jeolla provinces)",Heavy rains,"Slide (land, mud, snow, rock)",No,No,No,,,Km2,,,,2024,7,10,2024,7,11,4,,3500,,3500,,,,,250000,250000,100,,2024-07-11,2025-01-29
2024-0681-KOR,No,nat-met-sto-tro,Natural,Meteorological,Storm,Tropical cyclone,,Typhoon 'Pulasan',KOR,Republic of Korea,Eastern Asia,Asia,"South Gyeongsang, North Gyeongsang, Jeolla, and Gangwon",,Flood,No,No,No,,,Kph,,,,2024,9,20,2024,9,21,1,,,,,,,,,,,100,,2024-10-17,2024-10-28
2024-0964-KOR,No,nat-met-ext-hea,Natural,Meteorological,Extreme temperature,Heat wave,,,KOR,Republic of Korea,Eastern Asia,Asia,,,,No,No,No,,35,°C,,,,2024,5,20,2024,9,30,22,2570,,,2570,,,,,,,100,,2025-01-29,2025-01-29
2025-0205-KOR,No,nat-cli-wil-for,Natural,Climatological,Wildfire,Forest fire,,,KOR,Republic of Korea,Eastern Asia,Asia,"Sancheong, Euiseong and Ulju counties; Gyeongsangbuk-do, Gyeongsangnam-do, and Ulsan provinces",Wind and dry conditions,,No,No,No,,,Km2,,,,2025,3,21,2025,3,25,31,44,12045,,12089,,,,,800000,,,,2025-03-25,2025-08-05
2025-0573-KOR,No,nat-hyd-flo-flo,Natural,Hydrological,Flood,Flood (General),,,KOR,Republic of Korea,Eastern Asia,Asia,"South Chungcheong , Naju, Gwangju, Seoul, Honseong, and Gyeonggi Provinces",Torrential rain,"Slide (land, mud, snow, rock)",No,No,No,,,Km2,,,,2025,7,16,2025,7,21,28,,14575,,14575,,,,,,,,,2025-07-18,2025-07-25
